{"cameraMode":{"drawMode":0,"name":"Shaded","section":"Shading Mode"},"sceneLighting":true,"audioPlay":false,"sceneViewState":{"m_AlwaysRefresh":false,"showFog":true,"showSkybox":true,"showFlares":true,"showImageEffects":true,"showParticleSystems":true,"showVisualEffectGraphs":true,"m_FxEnabled":true},"in2DMode":false,"pivot":{"x":0.1767747402191162,"y":1.252599835395813,"z":-0.8306641578674316},"rotation":{"x":-0.09937252849340439,"y":0.7280019521713257,"z":-0.10802305489778519,"w":-0.6696867942810059},"size":13.849447250366211,"orthographic":false}